{
  "5070159060": {
    "default_levels": [0.010000, 0.009500, 0.009000, 0.008500, 0.008000, 0.007500, 0.007000, 0.006500, 0.006000, 0.005500, 0.005000, 0.004500, 0.004000, 0.003500, 0.003000, 0.002500, 0.002000, 0.001500, 0.001000, 0.000900, 0.000800, 0.000700, 0.000600, 0.000500, 0.000400, 0.000300, 0.000200, 0.000100, 0.000050],
    "user_added_levels": []
  },
  "6322048522": {
    "default_levels": [0.010000, 0.009500, 0.009000, 0.008500, 0.008000, 0.007500, 0.007000, 0.006500, 0.006000, 0.005500, 0.005000, 0.004500, 0.004000, 0.003500, 0.003000, 0.002500, 0.002000, 0.001500, 0.001000, 0.000900, 0.000800, 0.000700, 0.000600, 0.000500, 0.000400, 0.000300, 0.000200, 0.000100, 0.000050],
    "user_added_levels": []
  }
}